{
  "camera_location": [
    25.946937561035156,
    -3.365903615951538,
    7.195648193359375
  ],
  "camera_matrix": [
    [
      0.1286446899175644,
      0.9916908144950867,
      -3.725290298461914e-09,
      2.298834687053386e-07
    ],
    [
      -0.26296865940093994,
      0.034112975001335144,
      0.9642010927200317,
      8.881783138210068e-16
    ],
    [
      0.9561893939971924,
      -0.12403934448957443,
      0.26517200469970703,
      -27.135772705078125
    ],
    [
      -0.0,
      0.0,
      -0.0,
      1.0
    ]
  ],
  "resolution_x": 640,
  "resolution_y": 480
}